ID,Case Number,Date,Block,IUCR,Primary Type,Description,Location Description,Arrest,Domestic,Beat,District,Ward,Community Area,FBI Code,X Coordinate,Y Coordinate,Year,Updated On,Latitude,Longitude,Location
6340380,HP428830,7/2/2008 0:00,049XX N MARINE DR,810,THEFT,OVER $500,STREET,FALSE,FALSE,2024,20,48,3,6,1169842,1933434,2008,2/4/2016 6:33,41.97284532,-87.65083157,"(41.972845315, -87.65083157)"
6340381,HP428814,7/2/2008 0:00,013XX W ARDMORE AVE,890,THEFT,FROM BUILDING,OTHER,FALSE,FALSE,2013,20,48,77,6,1166245,1938965,2008,2/4/2016 6:33,41.98810042,-87.66389945,"(41.988100417, -87.663899454)"
6340383,HP428918,7/2/2008 9:30,006XX N LAKE SHORE DR,890,THEFT,FROM BUILDING,HOTEL/MOTEL,FALSE,FALSE,1834,18,42,8,6,1179792,1904743,2008,2/4/2016 6:33,41.89389317,-87.61512764,"(41.893893173, -87.615127644)"
6340384,HP428872,7/2/2008 4:00,026XX W WALTON ST,820,THEFT,$500 AND UNDER,STREET,FALSE,FALSE,1311,12,26,24,6,1158534,1906220,2008,2/4/2016 6:33,41.89840794,-87.69316063,"(41.898407943, -87.693160628)"
6340385,HP428925,7/2/2008 0:00,053XX S KEDZIE AVE,2820,OTHER OFFENSE,TELEPHONE THREAT,RESIDENCE,FALSE,TRUE,822,8,14,63,26,1155950,1869176,2008,2/4/2016 6:33,41.79680746,-87.70364915,"(41.796807462, -87.703649153)"
6340386,HP428924,7/2/2008 2:00,010XX E 67TH ST,810,THEFT,OVER $500,CEMETARY,FALSE,FALSE,321,3,5,69,6,1184464,1860800,2008,2/4/2016 6:33,41.77320226,-87.59934819,"(41.773202255, -87.599348192)"
6340387,HP428856,7/2/2008 0:00,0000X S WABASH AVE,890,THEFT,FROM BUILDING,"SCHOOL, PUBLIC, BUILDING",FALSE,FALSE,123,1,42,32,6,1176816,1900209,2008,2/4/2016 6:33,41.88151948,-87.6261946,"(41.881519476, -87.626194599)"
6340388,HP428693,7/2/2008 0:01,017XX W 91ST PL,1310,CRIMINAL DAMAGE,TO PROPERTY,RESIDENCE-GARAGE,FALSE,FALSE,2221,22,21,73,14,1166392,1844002,2008,2/4/2016 6:33,41.72751031,-87.6660732,"(41.727510312, -87.666073198)"
6340390,HP428541,7/1/2008 9:00,097XX S GREENWOOD AVE,1340,CRIMINAL DAMAGE,TO STATE SUP PROP,"SCHOOL, PUBLIC, GROUNDS",FALSE,FALSE,511,5,8,50,14,1185261,1840544,2008,2/4/2016 6:33,41.717599,-87.59706196,"(41.717598999, -87.597061964)"
6340391,HP428962,7/2/2008 0:00,074XX S PHILLIPS AVE,1310,CRIMINAL DAMAGE,TO PROPERTY,RESIDENCE,FALSE,FALSE,334,3,7,43,14,1193934,1856157,2008,2/4/2016 6:33,41.7602345,-87.56478616,"(41.760234497, -87.564786164)"
6340392,HP428958,7/2/2008 0:30,106XX S EGGLESTON AVE,1320,CRIMINAL DAMAGE,TO VEHICLE,OTHER,FALSE,FALSE,2233,22,34,49,14,1175169,1834436,2008,2/4/2016 6:33,41.70106866,-87.63420627,"(41.701068663, -87.634206269)"
6340393,HP428956,7/1/2008 22:00,038XX N ASHLAND AVE,820,THEFT,$500 AND UNDER,STREET,FALSE,FALSE,1923,19,47,6,6,1164968,1925572,2008,2/4/2016 6:33,41.95137681,-87.66897834,"(41.951376812, -87.668978338)"
6340394,HP428944,7/1/2008 15:00,057XX S NEWLAND AVE,820,THEFT,$500 AND UNDER,STREET,FALSE,FALSE,811,8,23,56,6,1131039,1865784,2008,2/4/2016 6:33,41.7879636,-87.7950802,"(41.787963599, -87.795080198)"
6340395,HP427974,7/1/2008 21:40,020XX S CLARK ST,1330,CRIMINAL TRESPASS,TO LAND,CHA PARKING LOT/GROUNDS,FALSE,FALSE,134,1,3,33,26,1175819,1890453,2008,2/4/2016 6:33,41.85477087,-87.63014895,"(41.854770868, -87.630148953)"
6340396,HP428029,7/1/2008 21:15,003XX W 70TH ST,1310,CRIMINAL DAMAGE,TO PROPERTY,ALLEY,FALSE,FALSE,731,7,6,69,14,1175066,1858530,2008,2/4/2016 6:33,41.76718805,-87.63386643,"(41.767188051, -87.633866427)"
6340397,HP414972,6/13/2008 11:00,061XX S LAFLIN ST,890,THEFT,FROM BUILDING,RESIDENCE,FALSE,FALSE,713,7,15,67,6,1167390,1863969,2008,2/4/2016 6:33,41.78228121,-87.66184648,"(41.782281212, -87.661846483)"
6340402,HP424193,6/30/2008 1:00,127XX S HALSTED ST,334,ROBBERY,ATTEMPT: ARMED-KNIFE/CUT INSTR,PARKING LOT/GARAGE(NON.RESID.),FALSE,FALSE,523,5,34,53,3,1173314,1820505,2008,2/4/2016 6:33,41.66288089,-87.64140829,"(41.66288089, -87.641408292)"
6340403,HP428413,7/2/2008 4:38,012XX N SPRINGFIELD AVE,502P,OTHER OFFENSE,FALSE/STOLEN/ALTERED TRP,STREET,TRUE,FALSE,2535,25,27,23,26,1150154,1908025,2008,2/4/2016 6:33,41.90352851,-87.72389287,"(41.903528508, -87.723892874)"
6340405,HP427782,7/1/2008 19:52,0000X N LATROBE AVE,1811,NARCOTICS,POSS: CANNABIS 30GMS OR LESS,STREET,TRUE,FALSE,1522,15,28,25,18,1141382,1899854,2008,2/4/2016 6:33,41.88127279,-87.75631662,"(41.881272789, -87.756316619)"
6340406,HP428072,7/1/2008 21:40,071XX S ASHLAND AVE,1310,CRIMINAL DAMAGE,TO PROPERTY,TAVERN/LIQUOR STORE,TRUE,FALSE,735,7,17,67,14,1166911,1857552,2008,2/4/2016 6:33,41.76468239,-87.66378579,"(41.764682386, -87.663785792)"
6340408,HP426620,7/1/2008 0:05,063XX N MERRIMAC AVE,917,MOTOR VEHICLE THEFT,"CYCLE, SCOOTER, BIKE W-VIN",STREET,FALSE,FALSE,1611,16,45,10,7,1133550,1941719,2008,2/4/2016 6:33,41.99629592,-87.78409088,"(41.996295918, -87.784090882)"
6340412,HP424659,6/29/2008 17:40,003XX E RANDOLPH ST,880,THEFT,PURSE-SNATCHING,STREET,FALSE,FALSE,124,1,42,32,6,1178694,1901250,2008,2/4/2016 6:33,41.88433336,-87.61926694,"(41.884333364, -87.619266937)"
6340414,HP425795,6/30/2008 19:53,049XX W CORTEZ ST,1661,GAMBLING,GAME/DICE,SIDEWALK,TRUE,FALSE,1531,15,37,25,19,1143336,1906533,2008,2/4/2016 6:33,41.89956448,-87.74897452,"(41.899564478, -87.74897452)"
6340416,HP428777,7/2/2008 10:30,016XX N MILWAUKEE AVE,810,THEFT,OVER $500,STREET,FALSE,FALSE,1434,14,32,24,6,1162509,1910840,2008,2/4/2016 6:33,41.91100325,-87.67843119,"(41.911003247, -87.678431186)"
6340417,HP428407,7/2/2008 4:31,048XX W WABANSIA AVE,1310,CRIMINAL DAMAGE,TO PROPERTY,APARTMENT,FALSE,FALSE,2533,25,37,25,14,1143620,1910860,2008,2/4/2016 6:33,41.91143293,-87.7478229,"(41.911432929, -87.747822895)"
6340424,HP428759,6/30/2008 10:00,044XX S KEELER AVE,810,THEFT,OVER $500,STREET,FALSE,FALSE,815,8,14,57,6,1149090,1874923,2008,2/4/2016 6:33,41.81271322,-87.72865753,"(41.812713224, -87.728657534)"
6340425,HP423079,6/29/2008 12:14,100XX W OHARE ST,5007,OTHER OFFENSE,OTHER WEAPONS VIOLATION,AIRPORT/AIRCRAFT,FALSE,FALSE,1651,16,41,76,26,1100658,1934241,2008,2/4/2016 6:33,41.97629041,-87.90522722,"(41.976290414, -87.905227221)"
6340426,HP428339,7/2/2008 2:10,042XX W DICKENS AVE,1365,CRIMINAL TRESPASS,TO RESIDENCE,APARTMENT,TRUE,FALSE,2522,25,30,20,26,1147894,1913619,2008,2/4/2016 6:33,41.91892276,-87.73205038,"(41.918922759, -87.732050384)"
6340427,HP422001,6/27/2008 15:30,009XX N LAWNDALE AVE,620,BURGLARY,UNLAWFUL ENTRY,APARTMENT,TRUE,FALSE,1112,11,27,23,5,1151543,1906086,2008,2/4/2016 6:33,41.89818051,-87.71884175,"(41.89818051, -87.718841747)"
6340430,HP428695,7/2/2008 10:00,023XX N KEDZIE BLVD,4387,OTHER OFFENSE,VIOLATE ORDER OF PROTECTION,APARTMENT,TRUE,TRUE,1413,14,26,22,26,1154646,1915470,2008,2/4/2016 6:33,41.92386947,-87.70719302,"(41.923869468, -87.707193016)"
6340431,HP413432,6/24/2008 12:55,016XX E 67TH ST,486,BATTERY,DOMESTIC BATTERY SIMPLE,APARTMENT,TRUE,TRUE,332,3,5,43,08B,1188443,1860888,2008,2/4/2016 6:33,41.77334962,-87.58475955,"(41.773349622, -87.584759546)"
6340432,HP426226,7/1/2008 0:42,049XX W RICE ST,2024,NARCOTICS,POSS: HEROIN(WHITE),ALLEY,TRUE,FALSE,1531,15,37,25,18,1143368,1905208,2008,2/4/2016 6:33,41.89592793,-87.74889014,"(41.895927928, -87.748890135)"
6340435,HP416636,6/26/2008 5:00,100XX W OHARE ST,5007,OTHER OFFENSE,OTHER WEAPONS VIOLATION,AIRPORT/AIRCRAFT,FALSE,FALSE,1651,16,41,76,26,1100658,1934241,2008,2/4/2016 6:33,41.97629041,-87.90522722,"(41.976290414, -87.905227221)"
6340436,HP417311,6/26/2008 13:00,009XX W LAWRENCE AVE,2027,NARCOTICS,POSS: CRACK,SIDEWALK,TRUE,FALSE,2312,19,46,3,18,1169074,1932065,2008,2/4/2016 6:33,41.96910549,-87.65369558,"(41.969105494, -87.65369558)"
6340438,HP427386,7/1/2008 6:00,040XX W CORTLAND ST,486,BATTERY,DOMESTIC BATTERY SIMPLE,APARTMENT,FALSE,TRUE,2534,25,30,20,08B,1149214,1912320,2008,2/4/2016 6:33,41.91533268,-87.72723425,"(41.915332682, -87.727234252)"
6340444,HP418021,6/26/2008 20:10,053XX W CORNELIA AVE,1811,NARCOTICS,POSS: CANNABIS 30GMS OR LESS,SIDEWALK,TRUE,FALSE,1634,16,38,15,18,1140237,1922755,2008,2/4/2016 6:33,41.94413676,-87.7599589,"(41.944136761, -87.759958897)"
6340445,HP409835,6/22/2008 11:00,023XX S LEAVITT ST,1310,CRIMINAL DAMAGE,TO PROPERTY,RESIDENCE-GARAGE,FALSE,FALSE,1034,10,25,31,14,1162074,1888282,2008,2/4/2016 6:33,41.84911123,-87.68065944,"(41.849111229, -87.68065944)"
6340447,HP416221,6/25/2008 21:37,009XX W 64TH ST,560,ASSAULT,SIMPLE,STREET,TRUE,FALSE,723,7,16,68,08A,1170963,1862390,2008,2/4/2016 6:33,41.77787094,-87.64879298,"(41.777870936, -87.648792977)"
6340448,HP428070,7/1/2008 22:49,062XX S COTTAGE GROVE AVE,143A,WEAPONS VIOLATION,UNLAWFUL POSS OF HANDGUN,SIDEWALK,TRUE,FALSE,313,3,20,42,15,1182634,1863909,2008,2/4/2016 6:33,41.7817763,-87.60596006,"(41.781776304, -87.605960056)"
6340449,HP424700,6/30/2008 4:50,0000X W 107TH ST,610,BURGLARY,FORCIBLE ENTRY,CONSTRUCTION SITE,FALSE,FALSE,513,5,34,49,5,1177727,1834014,2008,2/4/2016 6:33,41.69985327,-87.62485251,"(41.69985327, -87.624852514)"
6340450,HP418815,6/27/2008 0:00,042XX N MELVINA AVE,1320,CRIMINAL DAMAGE,TO VEHICLE,STREET,FALSE,FALSE,1624,16,38,15,14,1134260,1927521,2008,2/4/2016 6:33,41.95732277,-87.78181532,"(41.957322774, -87.781815324)"
6340454,HP428797,7/1/2008 17:00,031XX S MICHIGAN AVE,890,THEFT,FROM BUILDING,RESIDENCE-GARAGE,FALSE,FALSE,2112,2,3,35,6,1177701,1884261,2008,2/4/2016 6:33,41.83773708,-87.62342915,"(41.83773708, -87.623429152)"
6340455,HP428770,7/1/2008 22:00,004XX N STATE ST,810,THEFT,OVER $500,PARKING LOT/GARAGE(NON.RESID.),FALSE,FALSE,1834,18,42,8,6,1176302,1903096,2008,2/4/2016 6:33,41.88945317,-87.62799483,"(41.889453169, -87.627994833)"
6340457,HP419788,6/2/2008 10:00,057XX S SPAULDING AVE,910,MOTOR VEHICLE THEFT,AUTOMOBILE,STREET,FALSE,FALSE,822,8,14,63,7,1155364,1866307,2008,2/4/2016 6:33,41.78894628,-87.70587489,"(41.788946275, -87.705874885)"
6340458,HP428790,7/1/2008 22:00,021XX N FREMONT ST,810,THEFT,OVER $500,STREET,FALSE,FALSE,1812,18,43,7,6,1169942,1914395,2008,2/4/2016 6:33,41.92059937,-87.65102117,"(41.920599374, -87.651021169)"
6340459,HP426223,7/1/2008 0:36,004XX N LOCKWOOD AVE,2027,NARCOTICS,POSS: CRACK,SIDEWALK,TRUE,FALSE,1523,15,28,25,18,1140962,1902355,2008,2/4/2016 6:33,41.88814358,-87.75779727,"(41.888143584, -87.757797268)"
6340461,HP418239,3/21/2008 13:00,100XX W OHARE ST,1206,DECEPTIVE PRACTICE,"THEFT BY LESSEE,MOTOR VEH",AIRPORT/AIRCRAFT,FALSE,FALSE,1651,16,41,76,11,1100658,1934241,2008,2/4/2016 6:33,41.97629041,-87.90522722,"(41.976290414, -87.905227221)"
6340462,HP421696,6/28/2008 16:35,045XX W CONGRESS PKWY,2014,NARCOTICS,MANU/DELIVER: HEROIN (WHITE),SIDEWALK,TRUE,FALSE,1131,11,24,26,18,1146341,1897308,2008,2/4/2016 6:33,41.87419333,-87.73817205,"(41.874193327, -87.73817205)"
6340466,HP422139,6/28/2008 21:45,029XX E 83RD ST,1811,NARCOTICS,POSS: CANNABIS 30GMS OR LESS,STREET,TRUE,FALSE,424,4,10,46,18,1197409,1850508,2008,2/4/2016 6:33,41.74464734,-87.55223846,"(41.744647338, -87.552238463)"
6340467,HP427857,7/1/2008 16:00,065XX N ALBANY AVE,560,ASSAULT,SIMPLE,ALLEY,FALSE,FALSE,2412,24,50,2,08A,1154486,1943198,2008,2/4/2016 6:33,41.99996004,-87.70703624,"(41.999960038, -87.707036239)"
6340469,HP426553,7/1/2008 8:30,100XX W OHARE ST,460,BATTERY,SIMPLE,AIRPORT/AIRCRAFT,TRUE,FALSE,1651,16,41,76,08B,1100658,1934241,2008,2/4/2016 6:33,41.97629041,-87.90522722,"(41.976290414, -87.905227221)"
6340471,HP426661,7/1/2008 10:20,020XX N KOSTNER AVE,486,BATTERY,DOMESTIC BATTERY SIMPLE,APARTMENT,FALSE,TRUE,2522,25,31,20,08B,1146728,1913166,2008,2/4/2016 6:33,41.91770204,-87.73634602,"(41.917702036, -87.736346019)"
6340472,HP413244,6/24/2008 1:00,062XX S MASSASOIT AVE,820,THEFT,$500 AND UNDER,STREET,FALSE,FALSE,812,8,13,64,6,1139143,1862687,2008,2/4/2016 6:33,41.77932182,-87.76544042,"(41.779321817, -87.765440421)"
6340475,HP427788,7/1/2008 20:14,049XX W IOWA ST,1822,NARCOTICS,MANU/DEL:CANNABIS OVER 10 GMS,STREET,TRUE,FALSE,1531,15,37,25,18,1143278,1905528,2008,2/4/2016 6:33,41.89680773,-87.74921269,"(41.896807727, -87.749212689)"
6340476,HP423861,6/29/2008 20:07,065XX S PROMONTORY DR,502P,OTHER OFFENSE,FALSE/STOLEN/ALTERED TRP,STREET,TRUE,FALSE,331,3,5,42,26,1192337,1862034,2008,2/4/2016 6:33,41.77640043,-87.57044804,"(41.776400433, -87.570448042)"
6340478,HP422614,6/28/2008 22:30,008XX E 131ST ST,326,ROBBERY,AGGRAVATED VEHICULAR HIJACKING,STREET,FALSE,FALSE,533,5,9,54,3,1184187,1818525,2008,2/4/2016 6:33,41.65720105,-87.60168049,"(41.657201054, -87.601680486)"
6340479,HP412306,6/23/2008 17:00,015XX S SPAULDING AVE,1310,CRIMINAL DAMAGE,TO PROPERTY,RESIDENCE,FALSE,FALSE,1022,10,24,29,14,1154614,1892291,2008,2/4/2016 6:33,41.86026471,-87.70793138,"(41.860264706, -87.707931376)"
6340481,HP426840,7/1/2008 10:13,022XX E 100TH ST,1310,CRIMINAL DAMAGE,TO PROPERTY,RESIDENCE,FALSE,FALSE,431,4,7,51,14,1192941,1839105,2008,2/4/2016 6:33,41.71346657,-87.5689805,"(41.713466568, -87.5689805)"
6340482,HP428794,6/27/2008 15:00,028XX E 93RD ST,2825,OTHER OFFENSE,HARASSMENT BY TELEPHONE,RESIDENCE,FALSE,FALSE,423,4,7,48,26,1196398,1843834,2008,2/4/2016 6:33,41.72635846,-87.55616364,"(41.726358457, -87.556163641)"
6340484,HP428108,7/1/2008 23:10,068XX S ABERDEEN ST,1320,CRIMINAL DAMAGE,TO VEHICLE,STREET,FALSE,TRUE,724,7,17,68,14,1170160,1859536,2008,2/4/2016 6:33,41.77005672,-87.6518197,"(41.770056715, -87.651819704)"
6340485,HP427496,7/1/2008 16:17,085XX S SAGINAW AVE,486,BATTERY,DOMESTIC BATTERY SIMPLE,STREET,FALSE,FALSE,423,4,7,46,08B,1195312,1848853,2008,2/4/2016 6:33,41.74015786,-87.55997648,"(41.74015786, -87.559976481)"
6340487,HP427349,6/30/2008 19:00,043XX W PALMER ST,2820,OTHER OFFENSE,TELEPHONE THREAT,RESIDENCE,FALSE,TRUE,2522,25,30,20,26,1146899,1914265,2008,2/4/2016 6:33,41.92071453,-87.73568961,"(41.920714531, -87.735689614)"
6340489,HP424452,6/30/2008 4:30,063XX S LOWE AVE,497,BATTERY,AGGRAVATED DOMESTIC BATTERY: OTHER DANG WEAPON,STREET,TRUE,TRUE,723,7,16,68,04B,1173131,1862699,2008,2/4/2016 6:33,41.77867124,-87.64083594,"(41.778671235, -87.640835937)"
6340490,HP426881,7/1/2008 12:20,003XX N CENTRAL PARK AVE,810,THEFT,OVER $500,PARK PROPERTY,FALSE,FALSE,1123,11,28,27,6,1152330,1901857,2008,2/4/2016 6:33,41.88656021,-87.71606289,"(41.886560206, -87.716062887)"
6340491,HP422399,6/29/2008 0:51,013XX W 63RD ST,2027,NARCOTICS,POSS: CRACK,STREET,TRUE,FALSE,724,7,16,67,18,1168608,1862990,2008,2/4/2016 6:33,41.77956853,-87.65740917,"(41.779568529, -87.657409171)"
6340492,HP426884,7/1/2008 12:15,002XX E CONGRESS DR,820,THEFT,$500 AND UNDER,STREET,FALSE,FALSE,124,1,2,32,6,1178113,1898122,2008,2/4/2016 6:33,41.87576321,-87.62149568,"(41.87576321, -87.621495684)"
6340493,HP412518,6/23/2008 22:27,035XX N LARAMIE AVE,1811,NARCOTICS,POSS: CANNABIS 30GMS OR LESS,STREET,TRUE,FALSE,1634,16,38,15,18,1141067,1923204,2008,2/4/2016 6:33,41.94535358,-87.75689705,"(41.945353584, -87.756897046)"
6340494,HP427373,7/1/2008 5:00,036XX E 99TH ST,1320,CRIMINAL DAMAGE,TO VEHICLE,STREET,FALSE,FALSE,432,4,10,52,14,1202251,1840050,2008,2/4/2016 6:33,41.71582787,-87.53485267,"(41.715827869, -87.534852667)"
6340496,HP418080,6/26/2008 19:30,120XX S UNION AVE,143A,WEAPONS VIOLATION,UNLAWFUL POSS OF HANDGUN,ABANDONED BUILDING,TRUE,FALSE,523,5,34,53,15,1173820,1825047,2008,2/4/2016 6:33,41.67533373,-87.63942276,"(41.675333726, -87.639422757)"
6340497,HP422242,6/28/2008 22:29,063XX S WOODLAWN AVE,1310,CRIMINAL DAMAGE,TO PROPERTY,SIDEWALK,TRUE,FALSE,314,3,20,42,14,1185312,1862972,2008,2/4/2016 6:33,41.77914251,-87.59617142,"(41.779142513, -87.596171419)"
6340498,HP427449,7/1/2008 16:45,026XX N NARRAGANSETT AVE,1320,CRIMINAL DAMAGE,TO VEHICLE,PARKING LOT/GARAGE(NON.RESID.),FALSE,FALSE,2512,25,36,19,14,1133296,1916864,2008,2/4/2016 6:33,41.92809576,-87.7856097,"(41.928095762, -87.785609696)"
6340499,HP412550,6/23/2008 22:50,014XX S TRUMBULL AVE,1310,CRIMINAL DAMAGE,TO PROPERTY,APARTMENT,FALSE,FALSE,1021,10,24,29,14,1153603,1892800,2008,2/4/2016 6:33,41.86168161,-87.71162899,"(41.861681608, -87.71162899)"
6340500,HP420251,6/27/2008 22:10,057XX S RACINE AVE,470,PUBLIC PEACE VIOLATION,RECKLESS CONDUCT,STREET,TRUE,FALSE,713,7,16,67,24,1169298,1866822,2008,2/4/2016 6:33,41.79006908,-87.65476868,"(41.79006908, -87.654768679)"
6340502,HP423990,6/29/2008 21:47,069XX S ASHLAND AVE,1811,NARCOTICS,POSS: CANNABIS 30GMS OR LESS,STREET,TRUE,FALSE,735,7,17,67,18,1166876,1858796,2008,2/4/2016 6:33,41.76809684,-87.66387859,"(41.768096835, -87.663878589)"
6340504,HP427606,7/1/2008 18:08,102XX S HOXIE AVE,460,BATTERY,SIMPLE,ALLEY,TRUE,FALSE,431,4,10,51,08B,1195162,1837545,2008,2/4/2016 6:33,41.70913138,-87.56089781,"(41.709131384, -87.560897813)"
6340506,HP427704,7/1/2008 17:28,017XX E 95TH ST,850,THEFT,ATTEMPT THEFT,SMALL RETAIL STORE,FALSE,FALSE,431,4,7,51,6,1189387,1842324,2008,2/4/2016 6:33,41.72238569,-87.58189342,"(41.722385688, -87.581893417)"
6340507,HP420311,6/27/2008 22:20,008XX W LELAND AVE,1811,NARCOTICS,POSS: CANNABIS 30GMS OR LESS,STREET,TRUE,FALSE,2312,19,46,3,18,1169890,1931428,2008,2/4/2016 6:33,41.96733975,-87.65071384,"(41.967339746, -87.650713839)"
6340509,HP426324,7/1/2008 3:17,122XX S UNION AVE,320,ROBBERY,STRONGARM - NO WEAPON,SIDEWALK,FALSE,FALSE,523,5,34,53,3,1173862,1823805,2008,2/4/2016 6:33,41.67192455,-87.63930564,"(41.671924547, -87.639305643)"
6340511,HP427614,6/24/2008 21:00,069XX S KIMBARK AVE,1780,OFFENSE INVOLVING CHILDREN,OTHER OFFENSE,APARTMENT,FALSE,TRUE,321,3,5,69,26,1185930,1859338,2008,2/4/2016 6:33,41.76915594,-87.59402033,"(41.769155938, -87.594020331)"
6857121,HR263893,4/12/2009 1:35,082XX S LAFLIN ST,560,ASSAULT,SIMPLE,APARTMENT,FALSE,TRUE,614,6,21,71,08A,1167767,1850194,2009,2/4/2016 6:33,41.7444727,-87.66085912,"(41.744472702, -87.660859117)"
6857122,HR263868,4/12/2009 0:15,077XX S HOYNE AVE,460,BATTERY,SIMPLE,RESIDENTIAL YARD (FRONT/BACK),FALSE,FALSE,611,6,18,71,08B,1163705,1853390,2009,2/4/2016 6:33,41.75332915,-87.67565332,"(41.753329145, -87.675653322)"
6857123,HR262106,4/10/2009 21:00,069XX N GREENVIEW AVE,2825,OTHER OFFENSE,HARASSMENT BY TELEPHONE,RESIDENCE,FALSE,TRUE,2431,24,49,1,26,1165103,1946402,2009,2/4/2016 6:33,42.00853214,-87.66788723,"(42.008532139, -87.667887228)"
6857124,HR263751,4/10/2009 21:50,014XX N MILWAUKEE AVE,890,THEFT,FROM BUILDING,RESTAURANT,FALSE,FALSE,1424,14,1,24,6,1163655,1909870,2009,2/4/2016 6:33,41.90831741,-87.67424857,"(41.908317411, -87.674248569)"
6857126,HR263926,4/8/2009 22:00,079XX S MICHIGAN AVE,1310,CRIMINAL DAMAGE,TO PROPERTY,APARTMENT,FALSE,FALSE,623,6,6,44,14,1178526,1852475,2009,2/4/2016 6:33,41.75049454,-87.62136786,"(41.750494543, -87.621367855)"
6857127,HR263999,4/12/2009 2:30,009XX W 34TH PL,486,BATTERY,DOMESTIC BATTERY SIMPLE,RESIDENCE,FALSE,FALSE,924,9,11,60,08B,1170617,1882016,2009,2/4/2016 6:33,41.83173432,-87.64948896,"(41.831734316, -87.649488961)"
6857128,HR263950,4/12/2009 2:50,027XX W WASHINGTON BLVD,486,BATTERY,DOMESTIC BATTERY SIMPLE,STREET,FALSE,TRUE,1331,12,2,27,08B,1158144,1900571,2009,2/4/2016 6:33,41.88291456,-87.69474749,"(41.882914555, -87.694747489)"
6857129,HR263459,4/11/2009 19:00,029XX W WARREN BLVD,486,BATTERY,DOMESTIC BATTERY SIMPLE,RESIDENCE,FALSE,TRUE,1331,12,2,27,08B,1156706,1900211,2009,2/4/2016 6:33,41.88195592,-87.70003766,"(41.881955922, -87.700037657)"
6857130,HR264014,4/12/2009 4:35,017XX W 87TH ST,486,BATTERY,DOMESTIC BATTERY SIMPLE,APARTMENT,FALSE,TRUE,614,6,18,71,08B,1166367,1847004,2009,2/4/2016 6:33,41.73574878,-87.66607953,"(41.735748784, -87.666079527)"
6857131,HR263542,4/11/2009 8:00,040XX N KENMORE AVE,610,BURGLARY,FORCIBLE ENTRY,RESIDENCE,FALSE,FALSE,2322,19,46,3,5,1168441,1927164,2009,2/4/2016 6:33,41.95567074,-87.65616552,"(41.955670737, -87.656165518)"
6857132,HR263812,4/11/2009 23:45,081XX S PEORIA ST,326,ROBBERY,AGGRAVATED VEHICULAR HIJACKING,STREET,FALSE,FALSE,613,6,21,71,3,1171721,1850966,2009,2/4/2016 6:33,41.74650547,-87.64634861,"(41.746505465, -87.646348607)"
6857133,HR263970,4/12/2009 2:55,047XX W MONROE ST,430,BATTERY,AGGRAVATED: OTHER DANG WEAPON,STREET,FALSE,FALSE,1113,11,28,25,04B,1144906,1899148,2009,2/4/2016 6:33,41.87926969,-87.74339434,"(41.879269694, -87.743394338)"
6857134,HR262379,4/11/2009 1:30,015XX S TRUMBULL AVE,486,BATTERY,DOMESTIC BATTERY SIMPLE,APARTMENT,FALSE,TRUE,1021,10,24,29,08B,1153617,1892321,2009,2/4/2016 6:33,41.8603669,-87.71159033,"(41.860366899, -87.711590332)"
6857135,HR264012,4/11/2009 9:30,063XX S MAPLEWOOD AVE,1320,CRIMINAL DAMAGE,TO VEHICLE,STREET,FALSE,FALSE,825,8,15,66,14,1160464,1862467,2009,2/4/2016 6:33,41.77830513,-87.6872806,"(41.778305129, -87.687280601)"
6857137,HR262328,4/11/2009 1:30,025XX S CALIFORNIA AVE,486,BATTERY,DOMESTIC BATTERY SIMPLE,BAR OR TAVERN,TRUE,TRUE,1033,10,12,30,08B,1158114,1886876,2009,2/4/2016 6:33,41.84533468,-87.69523143,"(41.845334679, -87.695231434)"
6857221,HR260086,4/5/2009 2:10,054XX N NORTHWEST HWY,460,BATTERY,SIMPLE,BAR OR TAVERN,FALSE,FALSE,1622,16,45,11,08B,1135365,1935898,2009,2/4/2016 6:33,41.98029046,-87.77755315,"(41.980290462, -87.77755315)"
6857138,HR264001,4/12/2009 4:00,040XX W CRYSTAL ST,2820,OTHER OFFENSE,TELEPHONE THREAT,APARTMENT,TRUE,TRUE,2534,25,27,23,26,1149207,1908031,2009,2/4/2016 6:33,41.90356338,-87.72737129,"(41.903563381, -87.727371289)"
6857139,HR262799,4/11/2009 12:03,024XX N LAKEVIEW AVE,810,THEFT,OVER $500,STREET,TRUE,FALSE,2333,19,43,7,6,1173151,1916691,2009,2/4/2016 6:33,41.92682903,-87.63916246,"(41.92682903, -87.639162462)"
6857140,HR262759,4/11/2009 11:40,056XX W ROOSEVELT RD,820,THEFT,$500 AND UNDER,CONVENIENCE STORE,FALSE,FALSE,1513,15,29,25,6,1138750,1894115,2009,2/4/2016 6:33,41.86557236,-87.76612059,"(41.865572356, -87.766120589)"
6857142,HR262572,4/11/2009 9:26,054XX W MADISON ST,1330,CRIMINAL TRESPASS,TO LAND,SMALL RETAIL STORE,TRUE,FALSE,1522,15,29,25,26,1139716,1899481,2009,2/4/2016 6:33,41.8802798,-87.76244329,"(41.880279804, -87.762443285)"
6857143,HR261279,4/10/2009 13:46,0000X N HALSTED ST,860,THEFT,RETAIL THEFT,GROCERY FOOD STORE,TRUE,FALSE,1212,12,27,28,6,1171049,1900319,2009,2/4/2016 6:33,41.88194977,-87.6473674,"(41.881949766, -87.647367397)"
6857144,HR264009,4/12/2009 4:20,0000X W WASHINGTON ST,460,BATTERY,SIMPLE,STREET,TRUE,FALSE,122,1,42,32,08B,1176035,1900821,2009,2/4/2016 6:33,41.88321646,-87.62904393,"(41.883216462, -87.629043927)"
6857145,HR260369,4/9/2009 21:30,008XX S KARLOV AVE,486,BATTERY,DOMESTIC BATTERY SIMPLE,APARTMENT,FALSE,TRUE,1132,11,24,26,08B,1149180,1896008,2009,2/4/2016 6:33,41.87057148,-87.72778212,"(41.870571484, -87.727782117)"
6857146,HR264045,4/11/2009 20:00,085XX S VERNON AVE,1320,CRIMINAL DAMAGE,TO VEHICLE,STREET,FALSE,FALSE,632,6,6,44,14,1180845,1848509,2009,2/4/2016 6:33,41.73955842,-87.61299169,"(41.739558418, -87.612991694)"
6857147,HR264052,4/12/2009 5:30,006XX N STATE ST,820,THEFT,$500 AND UNDER,PARKING LOT/GARAGE(NON.RESID.),FALSE,FALSE,1832,18,42,8,6,1176247,1904872,2009,2/4/2016 6:33,41.89432785,-87.62814321,"(41.894327846, -87.62814321)"
6857148,HR261264,4/10/2009 13:45,026XX N ORCHARD ST,610,BURGLARY,FORCIBLE ENTRY,RESIDENCE,FALSE,FALSE,1933,19,43,7,5,1171152,1917687,2009,2/4/2016 6:33,41.92960627,-87.64647853,"(41.929606272, -87.64647853)"
6857149,HR263539,4/11/2009 0:05,031XX N RACINE AVE,1563,SEX OFFENSE,CRIMINAL SEXUAL ABUSE,APARTMENT,FALSE,FALSE,1932,19,32,6,17,1167742,1920868,2009,2/4/2016 6:33,41.93840937,-87.6589173,"(41.938409369, -87.658917298)"
6857151,HR264006,4/12/2009 4:20,018XX W OGDEN AVE,1345,CRIMINAL DAMAGE,TO CITY OF CHICAGO PROPERTY,CTA PLATFORM,TRUE,FALSE,1211,12,2,28,14,1164139,1898018,2009,2/4/2016 6:33,41.87578439,-87.67280577,"(41.875784388, -87.672805765)"
7461627,HS263496,4/18/2010 4:30,022XX N LINCOLN AVE,610,BURGLARY,FORCIBLE ENTRY,BAR OR TAVERN,FALSE,FALSE,1812,18,43,7,5,1171590,1915179,2010,2/4/2016 6:33,41.92271457,-87.64494301,"(41.922714567, -87.644943005)"
7461628,HS263633,4/17/2010 23:30,035XX N LOWELL AVE,820,THEFT,$500 AND UNDER,STREET,FALSE,FALSE,1731,17,30,16,6,1146757,1923219,2010,2/4/2016 6:33,41.94528784,-87.73598214,"(41.945287837, -87.735982136)"
7461629,HS263646,4/17/2010 22:30,049XX S CHICAGO BEACH DR,810,THEFT,OVER $500,PARKING LOT/GARAGE(NON.RESID.),FALSE,FALSE,2132,2,4,39,6,1188221,1872737,2010,2/4/2016 6:33,41.80586947,-87.58519536,"(41.805869465, -87.585195364)"
7461630,HS262457,4/16/2010 6:00,039XX N MARMORA AVE,1310,CRIMINAL DAMAGE,TO PROPERTY,APARTMENT,FALSE,FALSE,1633,16,38,15,14,1136314,1925772,2010,2/4/2016 6:33,41.95248682,-87.774306,"(41.952486821, -87.774305996)"
7461631,HS263557,4/18/2010 3:22,005XX N MICHIGAN AVE,620,BURGLARY,UNLAWFUL ENTRY,HOTEL/MOTEL,FALSE,FALSE,1834,18,42,8,5,1177337,1904039,2010,2/4/2016 6:33,41.8920174,-87.62416531,"(41.892017399, -87.624165306)"
7461632,HS263654,4/18/2010 6:27,042XX N MARINE DR,2093,NARCOTICS,FOUND SUSPECT NARCOTICS,RESIDENCE,TRUE,FALSE,2323,19,46,3,26,1170986,1928779,2010,2/4/2016 6:33,41.96004678,-87.64676205,"(41.960046783, -87.646762046)"
7461634,HS260367,4/16/2010 9:50,023XX W 103RD ST,1310,CRIMINAL DAMAGE,TO PROPERTY,SMALL RETAIL STORE,FALSE,FALSE,2212,22,19,72,14,1162415,1836271,2010,2/4/2016 6:33,41.70637884,-87.68085627,"(41.706378843, -87.680856265)"
7461635,HS263573,4/17/2010 21:00,0000X E ONTARIO ST,810,THEFT,OVER $500,PARKING LOT/GARAGE(NON.RESID.),FALSE,FALSE,1834,18,42,8,6,1176399,1904492,2010,2/4/2016 6:33,41.89328168,-87.62759645,"(41.893281677, -87.627596446)"
7461636,HS263669,4/17/2010 22:30,030XX E 80TH PL,810,THEFT,OVER $500,RESIDENTIAL YARD (FRONT/BACK),FALSE,FALSE,422,4,7,46,6,1197791,1852175,2010,2/4/2016 6:33,41.74921218,-87.55078325,"(41.749212184, -87.550783247)"
7461637,HS263662,4/18/2010 11:15,002XX N LEAMINGTON AVE,1811,NARCOTICS,POSS: CANNABIS 30GMS OR LESS,ALLEY,TRUE,FALSE,1532,15,28,25,18,1142001,1901144,2010,2/4/2016 6:33,41.88480127,-87.75401168,"(41.884801266, -87.754011677)"
7461638,HS240872,4/4/2010 9:50,037XX S PRINCETON AVE,560,ASSAULT,SIMPLE,STREET,FALSE,FALSE,925,9,3,34,08A,1174897,1880216,2010,2/4/2016 6:33,41.82670039,-87.63383907,"(41.826700394, -87.633839066)"
7461640,HS263605,4/8/2010 16:00,059XX N NORTHWEST HWY,1130,DECEPTIVE PRACTICE,FRAUD OR CONFIDENCE GAME,OTHER,FALSE,FALSE,1612,16,41,10,11,1130700,1939343,2010,2/4/2016 6:33,41.98982564,-87.79462995,"(41.989825643, -87.794629946)"
7461641,HS263490,4/17/2010 21:00,031XX S ASHLAND AVE,1310,CRIMINAL DAMAGE,TO PROPERTY,COMMERCIAL / BUSINESS OFFICE,FALSE,FALSE,922,9,11,59,14,1166189,1883453,2010,2/4/2016 6:33,41.83577317,-87.66569475,"(41.835773169, -87.665694754)"
7461642,HS263647,4/18/2010 10:55,025XX W BALMORAL AVE,1811,NARCOTICS,POSS: CANNABIS 30GMS OR LESS,SIDEWALK,TRUE,FALSE,2011,20,40,4,18,1158635,1935778,2010,2/4/2016 6:33,41.97951496,-87.69197743,"(41.979514963, -87.691977431)"
7461643,HS263620,4/18/2010 10:40,019XX E 79TH ST,1811,NARCOTICS,POSS: CANNABIS 30GMS OR LESS,SIDEWALK,TRUE,FALSE,414,4,8,43,18,1190454,1852974,2010,2/4/2016 6:33,41.75158468,-87.57764267,"(41.75158468, -87.577642674)"
7461644,HS263629,4/18/2010 10:35,090XX S MUSKEGON AVE,320,ROBBERY,STRONGARM - NO WEAPON,SIDEWALK,FALSE,FALSE,423,4,10,46,3,1196583,1845533,2010,2/4/2016 6:33,41.73101607,-87.55542974,"(41.731016072, -87.555429739)"
7461645,HS263643,4/18/2010 10:45,058XX W MADISON ST,860,THEFT,RETAIL THEFT,GROCERY FOOD STORE,FALSE,FALSE,1513,15,29,25,6,1137518,1899421,2010,2/4/2016 6:33,41.88015499,-87.77051567,"(41.880154994, -87.770515674)"
7461646,HS263635,4/17/2010 0:30,091XX S STONY ISLAND AVE,031A,ROBBERY,ARMED: HANDGUN,SIDEWALK,FALSE,FALSE,413,4,8,48,3,1188386,1844784,2010,2/4/2016 6:33,41.72916011,-87.58548161,"(41.729160106, -87.58548161)"
7461647,HS263569,4/17/2010 15:30,047XX N LAMON AVE,620,BURGLARY,UNLAWFUL ENTRY,RESIDENCE-GARAGE,FALSE,FALSE,1623,16,45,15,5,1142841,1931110,2010,2/4/2016 6:33,41.96701541,-87.75017866,"(41.967015413, -87.750178659)"
7461649,HS263576,3/19/2010 9:00,069XX N OVERHILL AVE,620,BURGLARY,UNLAWFUL ENTRY,RESIDENCE,FALSE,FALSE,1611,16,41,9,5,1124096,1945420,2010,2/4/2016 6:33,42.00661295,-87.81878689,"(42.00661295, -87.818786887)"
7461650,HS262173,4/17/2010 1:50,016XX N WESTERN AVE,460,BATTERY,SIMPLE,TAXICAB,FALSE,FALSE,1434,14,1,24,08B,1160114,1910738,2010,2/4/2016 6:33,41.91077319,-87.68723241,"(41.910773194, -87.687232407)"
7461651,HS263589,4/16/2010 17:00,014XX W 83RD ST,460,BATTERY,SIMPLE,PARK PROPERTY,FALSE,FALSE,614,6,21,71,08B,1168004,1849703,2010,2/4/2016 6:33,41.74312024,-87.6600048,"(41.743120243, -87.660004796)"
7461652,HS263690,4/18/2010 10:25,006XX S CLINTON ST,810,THEFT,OVER $500,STREET,FALSE,FALSE,131,1,2,28,6,1172821,1897469,2010,2/4/2016 6:33,41.87409013,-87.64094512,"(41.874090127, -87.640945115)"
7461653,HS263685,4/17/2010 20:30,012XX W 101ST PL,2820,OTHER OFFENSE,TELEPHONE THREAT,RESIDENCE,FALSE,TRUE,2232,22,21,73,26,1169720,1837293,2010,2/4/2016 6:33,41.70902837,-87.6540761,"(41.70902837, -87.654076098)"
7461654,HS263603,4/18/2010 10:00,022XX W HURON ST,620,BURGLARY,UNLAWFUL ENTRY,RESIDENCE-GARAGE,FALSE,FALSE,1313,12,1,24,5,1161405,1904636,2010,2/4/2016 6:33,41.89400205,-87.68265977,"(41.894002048, -87.682659765)"
7461655,HS263632,4/18/2010 9:24,114XX S VINCENNES AVE,2024,NARCOTICS,POSS: HEROIN(WHITE),RESIDENCE,TRUE,FALSE,2212,22,19,75,18,1166206,1828746,2010,2/4/2016 6:33,41.68564932,-87.66718685,"(41.685649316, -87.667186854)"
7461656,HS263670,4/14/2010 13:00,069XX N ASHLAND BLVD,910,MOTOR VEHICLE THEFT,AUTOMOBILE,STREET,FALSE,FALSE,2431,24,49,1,7,1164531,1945882,2010,2/4/2016 6:33,42.00711743,-87.67000658,"(42.00711743, -87.670006581)"
7461657,HS253585,4/12/2010 11:43,014XX W DEVON AVE,2851,PUBLIC PEACE VIOLATION,ARSON THREAT,RESIDENCE,FALSE,TRUE,2432,24,40,1,26,1165563,1942613,2010,2/4/2016 6:33,41.99812522,-87.66630338,"(41.998125222, -87.666303384)"
7461658,HS263584,4/18/2010 9:33,047XX W MC LEAN AVE,4651,OTHER OFFENSE,SEX OFFENDER: FAIL REG NEW ADD,APARTMENT,TRUE,FALSE,2522,25,31,19,26,1144441,1913208,2010,2/4/2016 6:33,41.91786067,-87.74474757,"(41.917860667, -87.744747574)"
7461660,HS263651,4/17/2010 21:00,036XX W 56TH ST,610,BURGLARY,FORCIBLE ENTRY,RESIDENCE-GARAGE,FALSE,FALSE,822,8,14,62,5,1153013,1867231,2010,2/4/2016 6:33,41.79152863,-87.7144709,"(41.791528629, -87.714470898)"
7461662,HS263524,4/18/2010 8:53,014XX N LATROBE AVE,4651,OTHER OFFENSE,SEX OFFENDER: FAIL REG NEW ADD,RESIDENCE,TRUE,FALSE,2532,25,37,25,26,1141099,1909152,2010,2/4/2016 6:33,41.90679284,-87.75712651,"(41.906792835, -87.757126508)"
7461663,HS263674,4/18/2010 0:00,005XX E 32ND ST,820,THEFT,$500 AND UNDER,STREET,FALSE,FALSE,2122,2,4,35,6,1180539,1883677,2010,2/4/2016 6:33,41.83606971,-87.61303335,"(41.836069707, -87.613033345)"
7461664,HS263623,4/18/2010 10:40,053XX W DIVISION ST,820,THEFT,$500 AND UNDER,CTA BUS,FALSE,FALSE,2532,25,37,25,6,1140718,1907482,2010,2/4/2016 6:33,41.90221718,-87.7585672,"(41.902217176, -87.758567201)"
7461665,HS263650,4/18/2010 11:00,014XX N RIDGEWAY AVE,1310,CRIMINAL DAMAGE,TO PROPERTY,RESIDENCE,TRUE,FALSE,2535,25,26,23,14,1151109,1909252,2010,2/4/2016 6:33,41.90687684,-87.72035271,"(41.906876843, -87.720352713)"
7461666,HS263716,4/15/2010 1:24,095XX S OGLESBY AVE,1310,CRIMINAL DAMAGE,TO PROPERTY,RESIDENCE,FALSE,TRUE,431,4,7,51,14,1193756,1842272,2010,2/4/2016 6:33,41.72213723,-87.56589235,"(41.72213723, -87.565892345)"
7461667,HS263693,4/17/2010 14:00,057XX W BERTEAU AVE,890,THEFT,FROM BUILDING,"SCHOOL, PRIVATE, BUILDING",FALSE,FALSE,1624,16,38,15,6,1137510,1927350,2010,2/4/2016 6:33,41.95679552,-87.76987125,"(41.956795515, -87.769871249)"
7461668,HS263699,4/18/2010 1:00,043XX S PULASKI RD,486,BATTERY,DOMESTIC BATTERY SIMPLE,VACANT LOT/LAND,FALSE,TRUE,815,8,14,57,08B,1150397,1875670,2010,2/4/2016 6:33,41.81473776,-87.72384395,"(41.814737762, -87.723843947)"
7461669,HS263719,4/18/2010 0:00,029XX W JARVIS AVE,820,THEFT,$500 AND UNDER,STREET,FALSE,FALSE,2411,24,50,2,6,1155525,1948914,2010,2/4/2016 6:33,42.01562404,-87.70305918,"(42.015624043, -87.703059179)"
7461670,HS263587,4/16/2010 12:00,0000X W 111TH ST,890,THEFT,FROM BUILDING,HOSPITAL BUILDING/GROUNDS,FALSE,FALSE,522,5,34,49,6,1177873,1831361,2010,2/4/2016 6:33,41.69256976,-87.62439788,"(41.692569761, -87.624397882)"
7461671,HS263473,4/18/2010 6:00,025XX E 72ND ST,810,THEFT,OVER $500,STREET,FALSE,FALSE,334,3,7,43,6,1194427,1858079,2010,2/4/2016 6:33,41.76549651,-87.56291626,"(41.765496505, -87.562916257)"
7461672,HS263512,4/16/2010 10:00,067XX S CHAMPLAIN AVE,1310,CRIMINAL DAMAGE,TO PROPERTY,ALLEY,FALSE,FALSE,321,3,6,42,14,1181730,1860424,2010,2/4/2016 6:33,41.77223407,-87.60938187,"(41.772234067, -87.60938187)"
7461673,HS263724,3/20/2010 23:00,007XX W 66TH PL,560,ASSAULT,SIMPLE,STREET,FALSE,FALSE,723,7,6,68,08A,1172436,1860775,2010,2/4/2016 6:33,41.77340689,-87.64344043,"(41.773406885, -87.643440433)"
7461674,HS245999,4/7/2010 7:00,116XX S HALE AVE,1750,OFFENSE INVOLVING CHILDREN,CHILD ABUSE,RESIDENCE,FALSE,FALSE,2212,22,19,75,20,1164723,1827453,2010,2/4/2016 6:33,41.68213244,-87.67265211,"(41.682132435, -87.672652113)"
7461675,HS263497,4/17/2010 23:30,036XX N PAULINA ST,560,ASSAULT,SIMPLE,RESIDENCE,FALSE,FALSE,1923,19,47,6,08A,1164344,1924211,2010,2/4/2016 6:33,41.94765541,-87.67131078,"(41.947655412, -87.671310781)"
7461677,HS263710,4/17/2010 23:00,104XX S TRUMBULL AVE,810,THEFT,OVER $500,STREET,FALSE,FALSE,2211,22,19,74,6,1155180,1835253,2010,2/4/2016 6:33,41.70373264,-87.70737787,"(41.703732639, -87.707377872)"
7461679,HS263535,4/17/2010 23:15,089XX S COTTAGE GROVE AVE,031A,ROBBERY,ARMED: HANDGUN,STREET,FALSE,FALSE,633,6,8,44,3,1183122,1846008,2010,2/4/2016 6:33,41.73264279,-87.60472678,"(41.732642788, -87.604726783)"
7461680,HS263687,4/18/2010 10:05,026XX N WHIPPLE ST,820,THEFT,$500 AND UNDER,ALLEY,TRUE,FALSE,1411,14,35,22,6,1155588,1917504,2010,2/4/2016 6:33,41.929432,-87.70367685,"(41.929431995, -87.703676845)"
7461681,HS263578,4/18/2010 9:45,011XX W 111TH PL,460,BATTERY,SIMPLE,RESIDENTIAL YARD (FRONT/BACK),FALSE,FALSE,2234,22,34,75,08B,1170712,1830858,2010,2/4/2016 6:33,41.69134819,-87.65063009,"(41.69134819, -87.650630091)"
7461682,HS263735,4/18/2010 12:20,014XX N LECLAIRE AVE,1811,NARCOTICS,POSS: CANNABIS 30GMS OR LESS,SIDEWALK,TRUE,FALSE,2533,25,37,25,18,1142106,1909162,2010,2/4/2016 6:33,41.90680166,-87.75342709,"(41.906801655, -87.753427086)"
7461683,HS263703,4/18/2010 11:45,086XX S PULASKI RD,1330,CRIMINAL TRESPASS,TO LAND,SMALL RETAIL STORE,TRUE,FALSE,834,8,18,70,26,1151255,1846713,2010,2/4/2016 6:33,41.7352584,-87.7214524,"(41.735258401, -87.721452396)"
7461684,HS263175,4/17/2010 23:30,090XX S LOWE AVE,486,BATTERY,DOMESTIC BATTERY SIMPLE,RESIDENCE,FALSE,FALSE,2223,22,21,71,08B,1173553,1845069,2010,2/4/2016 6:33,41.73028298,-87.63980987,"(41.730282984, -87.639809871)"
7461686,HS263725,4/18/2010 12:00,081XX S ELIZABETH ST,1811,NARCOTICS,POSS: CANNABIS 30GMS OR LESS,SIDEWALK,TRUE,FALSE,613,6,21,71,18,1169404,1850903,2010,2/4/2016 6:33,41.74638303,-87.65484046,"(41.746383034, -87.654840463)"
7461687,HS263649,4/17/2010 3:00,055XX W CATALPA AVE,340,ROBBERY,ATTEMPT: STRONGARM-NO WEAPON,SIDEWALK,FALSE,FALSE,1623,16,45,11,3,1138285,1936224,2010,2/4/2016 6:33,41.98113254,-87.76680637,"(41.981132541, -87.766806365)"
7461688,HS260179,4/16/2010 6:16,048XX S COTTAGE GROVE AVE,610,BURGLARY,FORCIBLE ENTRY,OTHER,FALSE,FALSE,223,2,4,38,5,1182408,1873011,2010,2/4/2016 6:33,41.80675822,-87.60650648,"(41.806758216, -87.606506483)"
7461689,HS263741,4/17/2010 18:30,008XX N LA SALLE DR,1320,CRIMINAL DAMAGE,TO VEHICLE,STREET,FALSE,FALSE,1832,18,42,8,14,1174970,1906590,2010,2/4/2016 6:33,41.89907083,-87.63278167,"(41.899070833, -87.632781672)"
7461690,HS262272,4/13/2010 10:00,054XX W LE MOYNE ST,1152,DECEPTIVE PRACTICE,ILLEGAL USE CASH CARD,APARTMENT,FALSE,FALSE,2532,25,37,25,11,1139883,1909444,2010,2/4/2016 6:33,41.90761645,-87.76158629,"(41.907616445, -87.761586289)"
7461691,HS263679,4/16/2010 21:00,052XX W WABANSIA AVE,320,ROBBERY,STRONGARM - NO WEAPON,STREET,FALSE,FALSE,2532,25,37,25,3,1141385,1910808,2010,2/4/2016 6:33,41.91133181,-87.75603496,"(41.911331809, -87.756034956)"
7461692,HS263672,4/18/2010 11:10,003XX W 51ST ST,497,BATTERY,AGGRAVATED DOMESTIC BATTERY: OTHER DANG WEAPON,CHURCH/SYNAGOGUE/PLACE OF WORSHIP,TRUE,TRUE,935,9,3,37,04B,1175058,1871145,2010,2/4/2016 6:33,41.80180514,-87.63351941,"(41.801805135, -87.633519411)"
7461694,HS263728,4/15/2010 3:00,042XX S UNION AVE,460,BATTERY,SIMPLE,APARTMENT,FALSE,FALSE,935,9,11,61,08B,1172343,1876686,2010,2/4/2016 6:33,41.81707042,-87.64331318,"(41.817070422, -87.643313179)"
7461695,HS263102,4/17/2010 22:38,050XX W NORTH AVE,2093,NARCOTICS,FOUND SUSPECT NARCOTICS,ALLEY,TRUE,FALSE,2533,25,37,25,26,1142377,1910163,2010,2/4/2016 6:33,41.90954348,-87.75240668,"(41.909543478, -87.752406675)"
7461696,HS263729,4/18/2010 12:00,056XX W MADISON ST,1811,NARCOTICS,POSS: CANNABIS 30GMS OR LESS,STREET,TRUE,FALSE,1513,15,29,25,18,1138946,1899461,2010,2/4/2016 6:33,41.88023894,-87.76527117,"(41.880238942, -87.76527117)"
7461697,HS263714,4/18/2010 11:30,004XX W 72ND ST,1811,NARCOTICS,POSS: CANNABIS 30GMS OR LESS,RESIDENCE PORCH/HALLWAY,TRUE,FALSE,732,7,6,68,18,1174424,1857183,2010,2/4/2016 6:33,41.76350603,-87.63625963,"(41.763506028, -87.636259626)"
7461698,HS263708,4/18/2010 11:50,042XX S COTTAGE GROVE AVE,1811,NARCOTICS,POSS: CANNABIS 30GMS OR LESS,SIDEWALK,TRUE,FALSE,2123,2,4,36,18,1182316,1876929,2010,2/4/2016 6:33,41.81751165,-87.60672241,"(41.817511646, -87.606722405)"
7461699,HS262914,4/17/2010 19:58,041XX W ARMITAGE AVE,1811,NARCOTICS,POSS: CANNABIS 30GMS OR LESS,ALLEY,TRUE,FALSE,2525,25,30,20,18,1148492,1912968,2010,2/4/2016 6:33,41.91712483,-87.72987008,"(41.917124827, -87.729870079)"
7461700,HS263752,4/17/2010 12:00,021XX S HOYNE AVE,1320,CRIMINAL DAMAGE,TO VEHICLE,STREET,FALSE,FALSE,1223,12,25,31,14,1162694,1889976,2010,2/4/2016 6:33,41.85374678,-87.67833655,"(41.853746781, -87.678336552)"
7461701,HS263701,4/18/2010 11:31,086XX S PULASKI RD,1330,CRIMINAL TRESPASS,TO LAND,CURRENCY EXCHANGE,TRUE,FALSE,834,8,18,70,26,1151249,1846937,2010,2/4/2016 6:33,41.73587321,-87.72146854,"(41.735873214, -87.721468544)"
7461702,HS263744,4/18/2010 12:30,040XX W 15TH ST,2092,NARCOTICS,SOLICIT NARCOTICS ON PUBLICWAY,SIDEWALK,TRUE,FALSE,1011,10,24,29,26,1149814,1892411,2010,2/4/2016 6:33,41.8606886,-87.72554797,"(41.860688595, -87.725547966)"
7461703,HS263698,4/18/2010 11:00,057XX S WOLCOTT AVE,486,BATTERY,DOMESTIC BATTERY SIMPLE,RESIDENCE PORCH/HALLWAY,FALSE,FALSE,715,7,15,67,08B,1164667,1866637,2010,2/4/2016 6:33,41.78966046,-87.67175451,"(41.789660463, -87.671754511)"
7461704,HS261761,4/16/2010 23:50,046XX W NORTH AVE,2027,NARCOTICS,POSS: CRACK,STREET,TRUE,FALSE,2533,25,37,25,18,1145011,1910225,2010,2/4/2016 6:33,41.90966425,-87.74272882,"(41.909664252, -87.742728815)"
7461705,HS263653,4/18/2010 11:06,047XX S THROOP ST,041A,BATTERY,AGGRAVATED: HANDGUN,ALLEY,FALSE,FALSE,933,9,3,61,04B,1168461,1873290,2010,2/4/2016 6:33,41.80783609,-87.6576513,"(41.807836094, -87.657651299)"
7461706,HS263762,4/18/2010 12:40,070XX S PAXTON AVE,1811,NARCOTICS,POSS: CANNABIS 30GMS OR LESS,VACANT LOT/LAND,TRUE,FALSE,331,3,5,43,18,1192103,1858507,2010,2/4/2016 6:33,41.76672778,-87.5714204,"(41.766727775, -87.5714204)"
7461707,HS263671,4/18/2010 2:00,016XX S CENTRAL PARK AVE,1320,CRIMINAL DAMAGE,TO VEHICLE,STREET,FALSE,FALSE,1014,10,24,29,14,1152641,1891582,2010,2/4/2016 6:33,41.85835834,-87.71519254,"(41.858358337, -87.715192537)"
7461708,HS263770,4/18/2010 12:45,013XX W 64TH ST,1320,CRIMINAL DAMAGE,TO VEHICLE,STREET,FALSE,TRUE,724,7,16,67,14,1168662,1862328,2010,2/4/2016 6:33,41.77775075,-87.65723028,"(41.777750754, -87.657230282)"
7461709,HS263697,4/18/2010 11:25,075XX S STEWART AVE,1310,CRIMINAL DAMAGE,TO PROPERTY,APARTMENT,FALSE,FALSE,623,6,17,69,14,1174930,1855016,2010,2/4/2016 6:33,41.75754826,-87.63446957,"(41.757548256, -87.634469566)"
7921851,HT153261,2/8/2011 20:45,002XX S CANAL ST,5000,OTHER OFFENSE,OTHER CRIME AGAINST PERSON,STREET,TRUE,FALSE,111,1,2,28,26,1173178,1899203,2011,2/4/2016 6:33,41.87884043,-87.63958293,"(41.878840427, -87.639582928)"
7921852,HT153209,2/6/2011 5:30,020XX W 48TH ST,1320,CRIMINAL DAMAGE,TO VEHICLE,STREET,FALSE,FALSE,915,9,12,61,14,1163750,1872833,2011,2/4/2016 6:33,41.80668237,-87.67494287,"(41.806682367, -87.674942873)"
7921853,HT153251,2/8/2011 20:10,018XX S WABASH AVE,2024,NARCOTICS,POSS: HEROIN(WHITE),APARTMENT,TRUE,FALSE,132,1,3,33,18,1177049,1891470,2011,2/4/2016 6:33,41.85753386,-87.62560361,"(41.857533855, -87.625603607)"
7921854,HT153102,1/10/2011 8:15,020XX N ORCHARD ST,820,THEFT,$500 AND UNDER,"SCHOOL, PUBLIC, BUILDING",FALSE,FALSE,1812,18,43,7,6,1171278,1913694,2011,2/4/2016 6:33,41.91864652,-87.64613311,"(41.918646522, -87.64613311)"
7921855,HT153235,2/8/2011 19:50,005XX W JACKSON BLVD,1812,NARCOTICS,POSS: CANNABIS MORE THAN 30GMS,OTHER RAILROAD PROP / TRAIN DEPOT,TRUE,FALSE,111,1,2,28,18,1173084,1898910,2011,2/4/2016 6:33,41.8780385,-87.63993677,"(41.878038501, -87.639936767)"
7921856,HT153242,2/8/2011 20:35,026XX S KEELER AVE,820,THEFT,$500 AND UNDER,STREET,FALSE,FALSE,1031,10,22,30,6,1148809,1886216,2011,2/4/2016 6:33,41.8437082,-87.72939706,"(41.843708196, -87.72939706)"
7921858,HT153167,2/1/2011 16:00,090XX S MORGAN ST,810,THEFT,OVER $500,RESIDENTIAL YARD (FRONT/BACK),FALSE,FALSE,2222,22,21,73,6,1171234,1844865,2011,2/4/2016 6:33,41.72977414,-87.64831103,"(41.729774139, -87.648311032)"
7921859,HT153215,2/8/2011 19:55,031XX N CICERO AVE,1811,NARCOTICS,POSS: CANNABIS 30GMS OR LESS,STREET,TRUE,FALSE,2521,25,31,19,18,1143813,1920639,2011,2/4/2016 6:33,41.93826387,-87.74686816,"(41.938263869, -87.746868163)"
7921860,HT152553,12/1/2010 12:00,045XX W CERMAK RD,610,BURGLARY,FORCIBLE ENTRY,OTHER,FALSE,FALSE,1012,10,24,29,5,1146524,1888991,2010,2/4/2016 6:33,41.85136695,-87.737712,"(41.851366951, -87.737712004)"
7921861,HT153230,2/8/2011 7:15,072XX S RICHMOND ST,610,BURGLARY,FORCIBLE ENTRY,RESIDENCE,FALSE,FALSE,831,8,18,66,5,1157960,1856457,2011,2/4/2016 6:33,41.76186405,-87.69662357,"(41.761864051, -87.696623566)"
7921863,HT152902,2/8/2011 17:00,030XX S KOSTNER AVE,610,BURGLARY,FORCIBLE ENTRY,APARTMENT,FALSE,FALSE,1031,10,22,30,5,1147546,1883968,2011,2/4/2016 6:33,41.83756366,-87.73408962,"(41.83756366, -87.734089619)"
7921864,HT153204,2/8/2011 14:00,031XX S HAMLIN AVE,560,ASSAULT,SIMPLE,RESIDENCE,FALSE,FALSE,1031,10,22,30,08A,1151540,1883423,2011,2/4/2016 6:33,41.83599071,-87.71944802,"(41.835990712, -87.71944802)"
7921866,HT153155,2/8/2011 19:00,117XX S LOWE AVE,486,BATTERY,DOMESTIC BATTERY SIMPLE,RESIDENCE,TRUE,TRUE,524,5,34,53,08B,1174053,1827230,2011,2/4/2016 6:33,41.68131908,-87.6385055,"(41.681319076, -87.638505498)"
7921867,HT153267,2/8/2011 18:30,051XX W LAKE ST,820,THEFT,$500 AND UNDER,CTA TRAIN,TRUE,FALSE,1532,15,28,25,6,1141954,1901990,2011,2/4/2016 6:33,41.88712366,-87.7541633,"(41.887123664, -87.754163303)"
7921868,HT153250,2/8/2011 20:30,0000X W 18TH ST,2027,NARCOTICS,POSS: CRACK,STREET,TRUE,FALSE,132,1,3,33,18,1176133,1891558,2011,2/4/2016 6:33,41.857796,-87.62896318,"(41.857796003, -87.628963179)"
7921871,HT153246,2/8/2011 19:50,0000X S STATE ST,860,THEFT,RETAIL THEFT,DEPARTMENT STORE,TRUE,FALSE,123,1,42,32,6,1176389,1900254,2011,2/4/2016 6:33,41.8816526,-87.62776115,"(41.881652603, -87.62776115)"
7921872,HT152767,2/7/2011 11:30,064XX S UNIVERSITY AVE,820,THEFT,$500 AND UNDER,POLICE FACILITY/VEH PARKING LOT,FALSE,FALSE,314,3,20,42,6,1184800,1862557,2011,2/4/2016 6:33,41.77801575,-87.59806145,"(41.778015745, -87.598061446)"
7921873,HT153260,2/8/2011 16:00,001XX N CLARK ST,820,THEFT,$500 AND UNDER,STREET,FALSE,FALSE,113,1,42,32,6,1175523,1901017,2011,2/4/2016 6:33,41.88376581,-87.63091811,"(41.883765812, -87.63091811)"
7921874,HT153211,2/8/2011 19:00,043XX S DR MARTIN LUTHER KING JR DR,1330,CRIMINAL TRESPASS,TO LAND,RESIDENCE PORCH/HALLWAY,TRUE,FALSE,222,2,3,38,26,1179580,1876374,2011,2/4/2016 6:33,41.81605173,-87.61677572,"(41.816051729, -87.616775716)"
7921875,HT152883,2/8/2011 13:00,002XX W 112TH ST,820,THEFT,$500 AND UNDER,RESIDENCE PORCH/HALLWAY,FALSE,FALSE,522,5,34,49,6,1176756,1830671,2011,2/4/2016 6:33,41.69070145,-87.62850806,"(41.690701453, -87.628508061)"
7921876,HT153266,2/8/2011 20:50,004XX W 66TH ST,560,ASSAULT,SIMPLE,APARTMENT,FALSE,FALSE,722,7,20,68,08A,1174537,1861156,2011,2/4/2016 6:33,41.77440588,-87.63572735,"(41.774405884, -87.635727351)"
7921877,HT153200,2/8/2011 18:45,073XX S EXCHANGE AVE,031A,ROBBERY,ARMED: HANDGUN,STREET,FALSE,FALSE,334,3,7,43,3,1194384,1856878,2011,2/4/2016 6:33,41.76220193,-87.56311328,"(41.76220193, -87.563113279)"
7921878,HT153129,2/8/2011 17:45,095XX S COLFAX AVE,486,BATTERY,DOMESTIC BATTERY SIMPLE,RESIDENCE,FALSE,TRUE,431,4,7,51,08B,1195092,1841900,2011,2/4/2016 6:33,41.72108364,-87.5610111,"(41.721083642, -87.561011097)"
7921880,HT153082,2/8/2011 17:00,130XX S DR MARTIN LUTHER KING JR DR,031A,ROBBERY,ARMED: HANDGUN,PARK PROPERTY,TRUE,FALSE,533,5,9,54,3,1180896,1818609,2011,2/4/2016 6:33,41.65750759,-87.61372014,"(41.657507589, -87.613720139)"
7921881,HT153253,2/8/2011 11:00,012XX W RANDOLPH ST,920,MOTOR VEHICLE THEFT,ATT: AUTOMOBILE,STREET,FALSE,FALSE,1212,12,27,28,7,1168414,1901132,2011,2/4/2016 6:33,41.88423809,-87.6570195,"(41.884238085, -87.657019499)"
7921882,HT151791,2/7/2011 20:50,024XX W 71ST ST,320,ROBBERY,STRONGARM - NO WEAPON,SIDEWALK,FALSE,FALSE,832,8,17,66,3,1161507,1857515,2011,2/4/2016 6:33,41.76469458,-87.68359404,"(41.764694576, -87.68359404)"
7921883,HT153067,2/4/2011 23:15,005XX E 51ST ST,560,ASSAULT,SIMPLE,HOSPITAL BUILDING/GROUNDS,FALSE,FALSE,223,2,3,38,08A,1180467,1871309,2011,2/4/2016 6:33,41.80213261,-87.61367763,"(41.802132606, -87.613677631)"
7921884,HT152306,2/5/2011 15:00,076XX S ST LAWRENCE AVE,610,BURGLARY,FORCIBLE ENTRY,ABANDONED BUILDING,FALSE,FALSE,624,6,6,69,5,1181558,1854469,2011,2/4/2016 6:33,41.75589691,-87.61019588,"(41.755896909, -87.610195881)"
7921885,HT153199,2/8/2011 18:30,013XX E MARQUETTE RD,4387,OTHER OFFENSE,VIOLATE ORDER OF PROTECTION,STREET,TRUE,TRUE,321,3,5,42,26,1186036,1861496,2011,2/4/2016 6:33,41.77507518,-87.59356375,"(41.77507518, -87.59356375)"
7921886,HT153006,2/8/2011 17:15,074XX S MARYLAND AVE,460,BATTERY,SIMPLE,STREET,FALSE,FALSE,323,3,6,69,08B,1183187,1855966,2011,2/4/2016 6:33,41.7599671,-87.60417953,"(41.759967099, -87.60417953)"
7921888,HT153268,2/8/2011 21:04,026XX S PULASKI RD,1811,NARCOTICS,POSS: CANNABIS 30GMS OR LESS,STREET,TRUE,FALSE,1031,10,22,30,18,1150134,1886229,2011,2/4/2016 6:33,41.8437182,-87.7245342,"(41.843718198, -87.724534197)"
7921889,HT153186,2/8/2011 19:45,079XX S EBERHART AVE,460,BATTERY,SIMPLE,SIDEWALK,FALSE,FALSE,624,6,6,44,08B,1180947,1852571,2011,2/4/2016 6:33,41.75070266,-87.61249331,"(41.750702661, -87.612493314)"
7921890,HT153269,2/8/2011 20:33,062XX S WINCHESTER AVE,1811,NARCOTICS,POSS: CANNABIS 30GMS OR LESS,STREET,TRUE,FALSE,714,7,15,67,18,1164431,1863239,2011,2/4/2016 6:33,41.78034089,-87.67271558,"(41.780340894, -87.672715582)"
7921892,HT153221,2/8/2011 15:00,021XX N LAPORTE AVE,910,MOTOR VEHICLE THEFT,AUTOMOBILE,STREET,FALSE,FALSE,2522,25,31,19,7,1143045,1913728,2011,2/4/2016 6:33,41.91931378,-87.74986361,"(41.919313778, -87.749863606)"
7921893,HT152846,2/8/2011 8:30,048XX N CLARK ST,610,BURGLARY,FORCIBLE ENTRY,RESIDENCE,FALSE,FALSE,2032,20,46,3,5,1165262,1932589,2011,2/4/2016 6:33,41.97062549,-87.66769723,"(41.970625493, -87.667697234)"
7921894,HT153229,2/8/2011 20:20,075XX S STEWART AVE,420,BATTERY,AGGRAVATED:KNIFE/CUTTING INSTR,RESIDENCE PORCH/HALLWAY,FALSE,FALSE,621,6,17,69,04B,1174932,1854941,2011,2/4/2016 6:33,41.7573424,-87.63446447,"(41.757342402, -87.634464469)"
7921895,HT153050,12/21/2010 16:27,0000X N STATE ST,1150,DECEPTIVE PRACTICE,CREDIT CARD FRAUD,DEPARTMENT STORE,TRUE,FALSE,122,1,42,32,11,1176364,1900524,2010,2/4/2016 6:33,41.88239406,-87.6278448,"(41.882394062, -87.627844798)"
7921896,HT153217,2/8/2011 20:26,078XX S RIDGELAND AVE,2024,NARCOTICS,POSS: HEROIN(WHITE),SIDEWALK,TRUE,FALSE,414,4,8,43,18,1189231,1853312,2011,2/4/2016 6:33,41.75254157,-87.5821135,"(41.752541572, -87.582113504)"
7921897,HT153190,2/8/2011 7:00,048XX N CLARK ST,610,BURGLARY,FORCIBLE ENTRY,RESIDENCE,FALSE,FALSE,2032,20,46,3,5,1165262,1932589,2011,2/4/2016 6:33,41.97062549,-87.66769723,"(41.970625493, -87.667697234)"
7921898,HT153112,2/8/2011 8:45,048XX N CLARK ST,610,BURGLARY,FORCIBLE ENTRY,RESIDENCE,FALSE,FALSE,2032,20,46,3,5,1165287,1932307,2011,2/4/2016 6:33,41.96985114,-87.66761337,"(41.969851141, -87.667613365)"
7921900,HT153248,2/8/2011 20:30,054XX N LINCOLN AVE,1130,DECEPTIVE PRACTICE,FRAUD OR CONFIDENCE GAME,SMALL RETAIL STORE,FALSE,FALSE,2011,20,40,4,11,1158426,1935988,2011,2/4/2016 6:33,41.98009551,-87.69274027,"(41.980095505, -87.692740272)"
7921901,HT153207,2/8/2011 20:05,017XX W JONQUIL TER,486,BATTERY,DOMESTIC BATTERY SIMPLE,APARTMENT,FALSE,TRUE,2422,24,49,1,08B,1163581,1950997,2011,2/4/2016 6:33,42.02117323,-87.6733567,"(42.021173233, -87.673356697)"
7921903,HT153276,2/8/2011 21:10,009XX N FRANCISCO AVE,2092,NARCOTICS,SOLICIT NARCOTICS ON PUBLICWAY,SIDEWALK,TRUE,FALSE,1311,12,26,24,26,1156879,1906210,2011,2/4/2016 6:33,41.89841423,-87.69923962,"(41.898414229, -87.699239616)"
7921904,HT153172,2/4/2011 15:30,117XX S LOWE AVE,1710,OFFENSE INVOLVING CHILDREN,ENDANGERING LIFE/HEALTH CHILD,RESIDENCE,FALSE,TRUE,524,5,34,53,26,1174050,1827311,2011,2/4/2016 6:33,41.68154142,-87.63851409,"(41.681541419, -87.638514089)"
7921905,HT153228,2/8/2011 20:00,005XX S KEDZIE AVE,2024,NARCOTICS,POSS: HEROIN(WHITE),CTA TRAIN,TRUE,FALSE,1134,11,24,27,18,1155124,1897322,2011,2/4/2016 6:33,41.8740601,-87.70592431,"(41.874060099, -87.705924314)"
7921906,HT153264,2/7/2011 20:30,024XX N OAKLEY AVE,920,MOTOR VEHICLE THEFT,ATT: AUTOMOBILE,STREET,FALSE,FALSE,1432,14,1,22,7,1160619,1916102,2011,2/4/2016 6:33,41.92548194,-87.6852283,"(41.925481941, -87.685228301)"
7921907,HT153286,2/8/2011 21:15,003XX E OHIO ST,1505,PROSTITUTION,CALL OPERATION,HOTEL/MOTEL,TRUE,FALSE,1834,18,42,8,16,1178513,1904263,2011,2/4/2016 6:33,41.89260531,-87.61983959,"(41.892605313, -87.619839586)"
7921908,HT152975,2/8/2011 6:50,019XX N LAWNDALE AVE,630,BURGLARY,ATTEMPT FORCIBLE ENTRY,RESIDENCE PORCH/HALLWAY,FALSE,FALSE,2535,25,26,22,5,1151402,1912659,2011,2/4/2016 6:33,41.91622022,-87.71918678,"(41.916220216, -87.719186781)"
7921909,HT153285,2/8/2011 21:15,050XX S MICHIGAN AVE,460,BATTERY,SIMPLE,OTHER,TRUE,FALSE,224,2,3,38,08B,1178008,1871738,2011,2/4/2016 6:33,41.80336596,-87.62268271,"(41.803365964, -87.622682706)"
7921910,HT153303,2/5/2011 12:00,047XX S ELLIS AVE,2825,OTHER OFFENSE,HARASSMENT BY TELEPHONE,OTHER,FALSE,FALSE,2124,2,4,39,26,1183713,1873888,2011,2/4/2016 6:33,41.80913439,-87.60169285,"(41.809134387, -87.601692846)"
7921911,HT150559,2/7/2011 3:30,036XX S WABASH AVE,610,BURGLARY,FORCIBLE ENTRY,"SCHOOL, PRIVATE, BUILDING",FALSE,FALSE,211,2,3,35,5,1177325,1880832,2011,2/4/2016 6:33,41.82833616,-87.62491262,"(41.828336156, -87.624912618)"
7921912,HT152896,2/7/2011 17:21,070XX S SOUTH SHORE DR,2825,OTHER OFFENSE,HARASSMENT BY TELEPHONE,APARTMENT,FALSE,FALSE,331,3,5,43,26,1193443,1858795,2011,2/4/2016 6:33,41.76748539,-87.56649946,"(41.767485391, -87.566499462)"
7921913,HT153307,2/8/2011 21:40,035XX W BELLE PLAINE AVE,1310,CRIMINAL DAMAGE,TO PROPERTY,APARTMENT,FALSE,FALSE,1723,17,33,16,14,1152177,1927028,2011,2/4/2016 6:33,41.95563463,-87.71595928,"(41.955634631, -87.715959282)"
7921914,HT153302,2/8/2011 21:40,055XX S PRAIRIE AVE,1506,PROSTITUTION,SOLICIT ON PUBLIC WAY,STREET,TRUE,FALSE,234,2,20,40,16,1178989,1868154,2011,2/4/2016 6:33,41.79350883,-87.61919414,"(41.793508827, -87.619194139)"
7921915,HT153282,2/7/2011 16:00,005XX N NOBLE ST,1320,CRIMINAL DAMAGE,TO VEHICLE,STREET,FALSE,FALSE,1324,12,27,24,14,1166961,1903766,2011,2/4/2016 6:33,41.89149727,-87.66227942,"(41.891497273, -87.662279423)"
7921916,HT153280,2/8/2011 17:00,030XX W AINSLIE ST,1320,CRIMINAL DAMAGE,TO VEHICLE,STREET,FALSE,FALSE,1713,17,33,14,14,1155344,1932398,2011,2/4/2016 6:33,41.97030704,-87.7041717,"(41.970307038, -87.704171704)"
7921917,HT153279,2/8/2011 21:25,077XX S PHILLIPS AVE,1811,NARCOTICS,POSS: CANNABIS 30GMS OR LESS,STREET,TRUE,FALSE,421,4,7,43,18,1193875,1854025,2011,2/4/2016 6:33,41.75438557,-87.56507218,"(41.75438557, -87.565072175)"
7921918,HT153304,2/8/2011 21:30,087XX S SANGAMON ST,1811,NARCOTICS,POSS: CANNABIS 30GMS OR LESS,SIDEWALK,TRUE,FALSE,2222,22,21,71,18,1171499,1846943,2011,2/4/2016 6:33,41.73547067,-87.64727959,"(41.73547067, -87.647279586)"
7921919,HS430730,7/26/2010 15:30,088XX S EXCHANGE AVE,610,BURGLARY,FORCIBLE ENTRY,APARTMENT,FALSE,FALSE,423,4,10,46,5,1197300,1846920,2010,2/4/2016 6:33,41.7348043,-87.55275709,"(41.7348043, -87.55275709)"
7921920,HT153300,2/8/2011 21:45,009XX N WOOD ST,2093,NARCOTICS,FOUND SUSPECT NARCOTICS,POLICE FACILITY/VEH PARKING LOT,TRUE,FALSE,1322,12,1,24,26,1164222,1906436,2011,2/4/2016 6:33,41.8988823,-87.67226291,"(41.898882295, -87.672262913)"
7921921,HT153324,2/8/2011 21:55,043XX S PULASKI RD,860,THEFT,RETAIL THEFT,GROCERY FOOD STORE,TRUE,FALSE,821,8,14,57,6,1150402,1875527,2011,2/4/2016 6:33,41.81434525,-87.72382933,"(41.814345252, -87.723829326)"
7921922,HT153213,2/8/2011 19:24,073XX S ABERDEEN ST,1812,NARCOTICS,POSS: CANNABIS MORE THAN 30GMS,STREET,TRUE,FALSE,733,7,17,68,18,1170253,1856154,2011,2/4/2016 6:33,41.76077406,-87.65157706,"(41.760774057, -87.651577064)"
7921923,HT153281,2/8/2011 21:13,088XX S NORMAL AVE,031A,ROBBERY,ARMED: HANDGUN,STREET,FALSE,FALSE,2223,22,21,71,3,1174511,1846401,2011,2/4/2016 6:33,41.73391694,-87.63626091,"(41.733916935, -87.636260909)"
7921924,HT153314,2/8/2011 22:00,069XX S CORNELL AVE,560,ASSAULT,SIMPLE,RESIDENCE,TRUE,FALSE,332,3,5,43,08A,1188549,1859352,2011,2/4/2016 6:33,41.76913218,-87.58442001,"(41.769132178, -87.584420011)"
7921925,HT152887,2/8/2011 15:30,001XX N MICHIGAN AVE,810,THEFT,OVER $500,CONVENIENCE STORE,TRUE,FALSE,122,1,42,32,6,1177271,1901522,2011,2/4/2016 6:33,41.88511212,-87.62448405,"(41.885112119, -87.624484053)"
7921926,HT153158,2/8/2011 15:26,005XX E OAKWOOD BLVD,2826,OTHER OFFENSE,HARASSMENT BY ELECTRONIC MEANS,RESIDENCE,FALSE,FALSE,213,2,3,38,26,1180355,1878795,2011,2/4/2016 6:33,41.82267737,-87.61385853,"(41.822677373, -87.613858525)"
7921927,HT153326,2/8/2011 22:00,059XX W DIVISION ST,810,THEFT,OVER $500,RESTAURANT,TRUE,FALSE,1511,15,29,25,6,1136356,1907377,2011,2/4/2016 6:33,41.90200812,-87.77459224,"(41.902008123, -87.774592242)"
7921928,HT153309,2/8/2011 21:32,030XX N KNOX AVE,1811,NARCOTICS,POSS: CANNABIS 30GMS OR LESS,STREET,TRUE,FALSE,2521,25,31,19,18,1144835,1919838,2011,2/4/2016 6:33,41.9360466,-87.74313232,"(41.936046604, -87.743132316)"
7921929,HT153187,2/8/2011 19:05,031XX W MONROE ST,143A,WEAPONS VIOLATION,UNLAWFUL POSS OF HANDGUN,RESIDENCE,TRUE,FALSE,1124,11,28,27,15,1155665,1899371,2011,2/4/2016 6:33,41.87967189,-87.70388283,"(41.879671894, -87.703882833)"
7921930,HT153331,2/8/2011 22:20,016XX S HOMAN AVE,486,BATTERY,DOMESTIC BATTERY SIMPLE,RESIDENCE PORCH/HALLWAY,TRUE,TRUE,1021,10,24,29,08B,1153974,1891461,2011,2/4/2016 6:33,41.85799986,-87.71030277,"(41.85799986, -87.710302774)"
7921931,HT153115,2/8/2011 14:00,023XX S WINCHESTER AVE,2820,OTHER OFFENSE,TELEPHONE THREAT,RESIDENCE,FALSE,TRUE,1034,10,25,31,26,1163673,1888642,2011,2/4/2016 6:33,41.85006561,-87.67478081,"(41.850065606, -87.674780812)"
7921932,HT153016,2/8/2011 9:30,003XX S MORGAN ST,920,MOTOR VEHICLE THEFT,ATT: AUTOMOBILE,PARKING LOT/GARAGE(NON.RESID.),FALSE,FALSE,1213,12,2,28,7,1169828,1898707,2011,2/4/2016 6:33,41.87755302,-87.65189786,"(41.877553016, -87.651897861)"
7921933,HT153272,2/8/2011 10:30,009XX E HYDE PARK BLVD,620,BURGLARY,UNLAWFUL ENTRY,APARTMENT,FALSE,FALSE,2124,2,4,41,5,1183530,1871397,2011,2/4/2016 6:33,41.80230316,-87.60244174,"(41.802303163, -87.602441743)"
7921934,HT150441,2/6/2011 17:00,048XX S JUSTINE ST,1320,CRIMINAL DAMAGE,TO VEHICLE,STREET,FALSE,FALSE,931,9,20,61,14,1166823,1872584,2011,2/4/2016 6:33,41.80593393,-87.66367923,"(41.805933931, -87.663679227)"
7921935,HT153317,2/8/2011 18:00,053XX N LEAVITT ST,820,THEFT,$500 AND UNDER,RESIDENTIAL YARD (FRONT/BACK),FALSE,FALSE,2012,20,40,4,6,1160708,1935340,2011,2/4/2016 6:33,41.97827023,-87.68436599,"(41.978270228, -87.684365992)"
7921936,HT153311,2/8/2011 22:14,072XX S BISHOP ST,1811,NARCOTICS,POSS: CANNABIS 30GMS OR LESS,VEHICLE NON-COMMERCIAL,TRUE,FALSE,734,7,17,67,18,1167805,1856914,2011,2/4/2016 6:33,41.76291249,-87.66052733,"(41.762912487, -87.660527325)"
7921937,HT153361,2/8/2011 23:00,006XX W 66TH ST,2825,OTHER OFFENSE,HARASSMENT BY TELEPHONE,RESIDENCE,FALSE,FALSE,723,7,6,68,26,1172899,1861117,2011,2/4/2016 6:33,41.77433517,-87.6417331,"(41.774335168, -87.641733104)"
7921938,HT153271,2/8/2011 19:30,028XX W WARREN BLVD,143A,WEAPONS VIOLATION,UNLAWFUL POSS OF HANDGUN,APARTMENT,FALSE,FALSE,1331,12,2,27,15,1157349,1900224,2011,2/4/2016 6:33,41.88197855,-87.69767621,"(41.88197855, -87.697676208)"
7921939,HT153009,2/8/2011 17:50,052XX N BROADWAY,860,THEFT,RETAIL THEFT,SMALL RETAIL STORE,FALSE,FALSE,2023,20,48,77,6,1167368,1934949,2011,2/4/2016 6:33,41.97705625,-87.65988513,"(41.977056245, -87.659885127)"
7921940,HT153334,2/8/2011 22:20,017XX W HOWARD ST,1811,NARCOTICS,POSS: CANNABIS 30GMS OR LESS,VEHICLE NON-COMMERCIAL,TRUE,FALSE,2422,24,49,1,18,1163172,1950347,2011,2/4/2016 6:33,42.01939827,-87.67488021,"(42.019398266, -87.67488021)"
7921942,HT153358,2/8/2011 22:30,016XX N LAMON AVE,2024,NARCOTICS,POSS: HEROIN(WHITE),STREET,TRUE,FALSE,2533,25,37,25,18,1143243,1910332,2011,2/4/2016 6:33,41.90999109,-87.7492211,"(41.909991094, -87.749221098)"
7921943,HT153351,2/8/2011 22:30,060XX S MAY ST,1811,NARCOTICS,POSS: CANNABIS 30GMS OR LESS,STREET,TRUE,FALSE,712,7,16,68,18,1169684,1864794,2011,2/4/2016 6:33,41.78449564,-87.65341213,"(41.784495643, -87.653412131)"
7921944,HT153342,2/8/2011 21:50,011XX W BRYN MAWR AVE,2024,NARCOTICS,POSS: HEROIN(WHITE),SIDEWALK,TRUE,FALSE,2023,20,48,77,18,1167720,1937355,2011,2/4/2016 6:33,41.98365077,-87.65852097,"(41.983650773, -87.658520968)"
7921947,HT132677,1/24/2011 4:10,034XX N HALSTED ST,320,ROBBERY,STRONGARM - NO WEAPON,SIDEWALK,FALSE,FALSE,2331,19,44,6,3,1170321,1922869,2011,2/4/2016 6:33,41.94384413,-87.64938028,"(41.943844128, -87.649380278)"
7921948,HT152840,2/8/2011 16:28,035XX W OHIO ST,454,BATTERY,AGG PO HANDS NO/MIN INJURY,STREET,TRUE,FALSE,1121,11,27,23,08B,1152468,1903768,2011,2/4/2016 6:33,41.89180146,-87.71550559,"(41.891801459, -87.715505585)"
7921949,HT153352,2/8/2011 22:11,078XX S PAULINA ST,1812,NARCOTICS,POSS: CANNABIS MORE THAN 30GMS,RESIDENCE,TRUE,FALSE,611,6,17,71,18,1166371,1852792,2011,2/4/2016 6:33,41.75163181,-87.6659004,"(41.751631808, -87.665900401)"
7921950,HT152793,2/8/2011 15:59,041XX W POTOMAC AVE,520,ASSAULT,AGGRAVATED:KNIFE/CUTTING INSTR,RESIDENCE,FALSE,TRUE,2534,25,37,23,04A,1148603,1908341,2011,2/4/2016 6:33,41.90442574,-87.72958192,"(41.904425739, -87.729581922)"
7921951,HT153161,2/8/2011 8:00,020XX N KEDVALE AVE,620,BURGLARY,UNLAWFUL ENTRY,APARTMENT,FALSE,FALSE,2525,25,30,20,5,1148388,1913193,2011,2/4/2016 6:33,41.91774426,-87.73024637,"(41.917744256, -87.730246366)"
7921952,HT153103,2/8/2011 6:00,019XX N MONTICELLO AVE,610,BURGLARY,FORCIBLE ENTRY,RESIDENCE,FALSE,FALSE,2535,25,26,22,5,1151737,1912593,2011,2/4/2016 6:33,41.91603252,-87.71795774,"(41.916032517, -87.717957739)"
